id,name,position,team
10420,David Ospina,Goalkeeper,Arsenal
2651,Petr Cech,Goalkeeper,Arsenal
10422,Matt Macey,Goalkeeper,Arsenal
5368,Sead Kolasinac,Defender,Arsenal
4546,Mathieu Debuchy,Defender,Arsenal
3046,Kieran Gibbs,Defender,Arsenal
4246,Per Mertesacker,Defender,Arsenal
10423,Gabriel,Defender,Arsenal
4030,Laurent Koscielny,Defender,Arsenal
11575,Rob Holding,Defender,Arsenal
4472,Nacho Monreal,Defender,Arsenal
3869,Shkodran Mustafi,Defender,Arsenal
4620,Calum Chambers,Defender,Arsenal
4474,Héctor Bellerín,Defender,Arsenal
4248,Carl Jenkinson,Defender,Arsenal
21627,Cohen Bramall,Defender,Arsenal
3548,Aaron Ramsey,Midfielder,Arsenal
3547,Jack Wilshere,Midfielder,Arsenal
4714,Mesut Özil,Midfielder,Arsenal
4252,Alex Oxlade-Chamberlain,Midfielder,Arsenal
4717,Alex Iwobi,Midfielder,Arsenal
4477,Santiago Cazorla,Midfielder,Arsenal
12136,Granit Xhaka,Midfielder,Arsenal
13123,Jeff Reine-Adelaide,Midfielder,Arsenal
3549,Francis Coquelin,Midfielder,Arsenal
5239,Mohamed Elneny,Midfielder,Arsenal
10428,Ainsley Maitland-Niles,Midfielder,Arsenal
13121,Ben Sheaf,Midfielder,Arsenal
10426,Krystian Bielik,Midfielder,Arsenal
14446,Joe Willock,Midfielder,Arsenal
4973,Alexis Sánchez,Forward,Arsenal
7081,Lucas Pérez,Forward,Arsenal
4481,Olivier Giroud,Forward,Arsenal
2839,Theo Walcott,Forward,Arsenal
3452,Danny Welbeck,Forward,Arsenal
4482,Chuba Akpom,Forward,Arsenal
14457,Josh Da Silva,Forward,Arsenal
4254,Joel Campbell,Forward,Arsenal
6899,Alexandre Lacazette,Forward,Arsenal
14456,Donyell Malen,Forward,Arsenal
14450,Reiss Nelson,Forward,Arsenal
14451,Eddie Nketiah,Forward,Arsenal
2537,Asmir Begovic,Goalkeeper,AFC Bournemouth
4601,Artur Boruc,Goalkeeper,AFC Bournemouth
13703,Aaron Ramsdale,Goalkeeper,AFC Bournemouth
3182,Adam Federici,Goalkeeper,AFC Bournemouth
4499,Nathan Aké,Defender,AFC Bournemouth
8044,Simon Francis,Defender,AFC Bournemouth
8045,Steve Cook,Defender,AFC Bournemouth
3242,Charlie Daniels,Defender,AFC Bournemouth
9030,Brad Smith,Defender,AFC Bournemouth
3512,Adam Smith,Defender,AFC Bournemouth
3471,Marc Wilson,Defender,AFC Bournemouth
8900,Tyrone Mings,Defender,AFC Bournemouth
9869,Baily Cargill,Defender,AFC Bournemouth
2678,Rhoys Wiggins,Defender,AFC Bournemouth
3390,Dan Gosling,Midfielder,AFC Bournemouth
2338,Andrew Surman,Midfielder,AFC Bournemouth
8049,Marc Pugh,Midfielder,AFC Bournemouth
8050,Harry Arter,Midfielder,AFC Bournemouth
10766,Lewis Cook,Midfielder,AFC Bournemouth
3766,Junior Stanislas,Midfielder,AFC Bournemouth
10734,Emerson Hyndman,Midfielder,AFC Bournemouth
8052,Ryan Fraser,Midfielder,AFC Bournemouth
4527,Jordon Ibe,Midfielder,AFC Bournemouth
7985,Connor Mahoney,Midfielder,AFC Bournemouth
1526,Jermain Defoe,Forward,AFC Bournemouth
4040,Benik Afobe,Forward,AFC Bournemouth
12815,Max Gradel,Forward,AFC Bournemouth
8454,Callum Wilson,Forward,AFC Bournemouth
3926,Joshua King,Forward,AFC Bournemouth
19603,Lys Mousset,Forward,AFC Bournemouth
12192,Mat Ryan,Goalkeeper,Brighton and Hove Albion
13228,Niki Mäenpää,Goalkeeper,Brighton and Hove Albion
8162,Bruno,Defender,Brighton and Hove Albion
5721,Gaëtan Bong,Defender,Brighton and Hove Albion
13229,Uwe Hünemeier,Defender,Brighton and Hove Albion
8163,Lewis Dunk,Defender,Brighton and Hove Albion
9634,Connor Goldson,Defender,Brighton and Hove Albion
3601,Shane Duffy,Defender,Brighton and Hove Albion
2464,Liam Rosenior,Defender,Brighton and Hove Albion
5428,Markus Suttner,Defender,Brighton and Hove Albion
22542,Pascal Groß,Midfielder,Brighton and Hove Albion
8168,Dale Stephens,Midfielder,Brighton and Hove Albion
5156,Beram Kayal,Midfielder,Brighton and Hove Albion
13232,Jiri Skalak,Midfielder,Brighton and Hove Albion
8982,Anthony Knockaert,Midfielder,Brighton and Hove Albion
2007,Steve Sidwell,Midfielder,Brighton and Hove Albion
8171,Solly March,Midfielder,Brighton and Hove Albion
4284,Rohan Ince,Midfielder,Brighton and Hove Albion
3173,Kazenga Lua Lua,Midfielder,Brighton and Hove Albion
9581,Jamie Murphy,Midfielder,Brighton and Hove Albion
13231,Henrik Rorvik Bjørdal,Midfielder,Brighton and Hove Albion
23556,Mathias Normann,Midfielder,Brighton and Hove Albion
4711,Sam Baldock,Forward,Brighton and Hove Albion
13234,Tomer Hemed,Forward,Brighton and Hove Albion
4772,Glenn Murray,Forward,Brighton and Hove Albion
13235,Richard Towell,Forward,Brighton and Hove Albion
4674,Isaiah Brown,Forward,Brighton and Hove Albion
2933,Tom Heaton,Goalkeeper,Burnley
10079,Nick Pope,Goalkeeper,Burnley
4487,Matthew Lowton,Defender,Burnley
3909,Ben Mee,Defender,Burnley
3999,Stephen Ward,Defender,Burnley
8143,James Tarkowski,Defender,Burnley
3837,Kevin Long,Defender,Burnley
8234,Tom Anderson,Defender,Burnley
8691,Charlie Taylor,Defender,Burnley
2517,Phil Bardsley,Defender,Burnley
2359,Dean Marney,Midfielder,Burnley
4158,Robbie Brady,Midfielder,Burnley
8586,Jeff Hendrick,Midfielder,Burnley
5345,Steven Defour,Midfielder,Burnley
4489,Ashley Westwood,Midfielder,Burnley
10435,Fredrik Ulvestad,Midfielder,Burnley
6210,Johann Berg Gudmundsson,Midfielder,Burnley
8242,Scott Arfield,Midfielder,Burnley
2889,Jack Cork,Midfielder,Burnley
9060,Andre Gray,Forward,Burnley
4007,Sam Vokes,Forward,Burnley
8246,Ashley Barnes,Forward,Burnley
10559,Daniel Agyei,Forward,Burnley
2047,Jonathan Walters,Forward,Burnley
10272,Chris Long,Forward,Burnley
10466,Willy Caballero,Goalkeeper,Chelsea
4911,Thibaut Courtois,Goalkeeper,Chelsea
12265,Eduardo,Goalkeeper,Chelsea
23695,Marcin Bulka,Goalkeeper,Chelsea
4093,Marcos Alonso,Defender,Chelsea
2620,Gary Cahill,Defender,Chelsea
4496,César Azpilicueta,Defender,Chelsea
4100,David Luiz,Defender,Chelsea
16801,Antonio Rüdiger,Defender,Chelsea
4495,Andreas Christensen,Defender,Chelsea
13281,Fikayo Tomori,Defender,Chelsea
11146,Jake Clarke-Salter,Defender,Chelsea
5174,Cristián Cuevas,Defender,Chelsea
2417,Cesc Fàbregas,Midfielder,Chelsea
13492,N'Golo Kanté,Midfielder,Chelsea
4503,Eden Hazard,Midfielder,Chelsea
3983,Victor Moses,Midfielder,Chelsea
4748,Willian,Midfielder,Chelsea
11260,Tiemoué Bakayoko,Midfielder,Chelsea
11147,Charly Musonda,Midfielder,Chelsea
10441,Jeremie Boga,Midfielder,Chelsea
14578,Kyle Scott,Midfielder,Chelsea
4749,Lewis Baker,Midfielder,Chelsea
13285,Kenedy,Forward,Chelsea
4972,Pedro,Forward,Chelsea
4572,Loïc Remy,Forward,Chelsea
4941,Diego Costa,Forward,Chelsea
7450,Michy Batshuayi,Forward,Chelsea
5804,Álvaro Morata,Forward,Chelsea
2664,Julian Speroni,Goalkeeper,Crystal Palace
2569,Wayne Hennessey,Goalkeeper,Crystal Palace
14144,Kleton Perntreou,Goalkeeper,Crystal Palace
3929,Joel Ward,Defender,Crystal Palace
3362,Patrick van Aanholt,Defender,Crystal Palace
3517,James Tomkins,Defender,Crystal Palace
3807,Scott Dann,Defender,Crystal Palace
10444,Pape Souaré,Defender,Crystal Palace
1911,Damien Delaney,Defender,Crystal Palace
8980,Jeffrey Schlupp,Defender,Crystal Palace
3644,Martin Kelly,Defender,Crystal Palace
4878,Jairo Riedewald,Defender,Crystal Palace
4341,Yohan Cabaye,Midfielder,Crystal Palace
3724,Andros Townsend,Midfielder,Crystal Palace
4539,Wilfried Zaha,Midfielder,Crystal Palace
3830,Lee Chung-yong,Midfielder,Crystal Palace
4224,James McArthur,Midfielder,Crystal Palace
4767,Jonathan Williams,Midfielder,Crystal Palace
10191,Sullay Kaikai,Midfielder,Crystal Palace
10004,Bakary Sako,Midfielder,Crystal Palace
5859,Luka Milivojevic,Midfielder,Crystal Palace
4084,Jason Puncheon,Midfielder,Crystal Palace
3333,Jordon Mutch,Midfielder,Crystal Palace
5179,Ruben Loftus-Cheek,Midfielder,Crystal Palace
4492,Christian Benteke,Forward,Crystal Palace
4396,Connor Wickham,Forward,Crystal Palace
4640,Jordan Pickford,Goalkeeper,Everton
4696,Joel Robles,Goalkeeper,Everton
4779,Maarten Stekelenburg,Goalkeeper,Everton
14619,Mateusz Hewelt,Goalkeeper,Everton
3030,Leighton Baines,Defender,Everton
4403,Ashley Williams,Defender,Everton
3222,Phil Jagielka,Defender,Everton
3600,Seamus Coleman,Defender,Everton
13387,Ramiro Funes Mori,Defender,Everton
10564,Mason Holgate,Defender,Everton
10449,Jonjoe Kenny,Defender,Everton
4333,Michael Keane,Defender,Everton
13716,Cuco Martina,Defender,Everton
4886,Davy Klaassen,Midfielder,Everton
4615,Morgan Schneiderlin,Midfielder,Everton
4115,Ross Barkley,Midfielder,Everton
4507,Kevin Mirallas,Midfielder,Everton
2270,Aaron Lennon,Midfielder,Everton
3979,James McCarthy,Midfielder,Everton
12582,Idrissa Gueye,Midfielder,Everton
1308,Gareth Barry,Midfielder,Everton
10451,Muhamed Besic,Midfielder,Everton
13389,Tom Davies,Midfielder,Everton
4763,Yannick Bolasie,Forward,Everton
9576,Dominic Calvert-Lewin,Forward,Everton
13278,Ademola Lookman,Forward,Everton
11074,Sandro Ramírez,Forward,Everton
2064,Wayne Rooney,Forward,Everton
13390,Oumar Niasse,Forward,Everton
12444,Jonas Lössl,Goalkeeper,Huddersfield Town
9293,Joel Coleman,Goalkeeper,Huddersfield Town
24346,Ryan Schofield,Goalkeeper,Huddersfield Town
8878,Tommy Smith,Defender,Huddersfield Town
2074,Mark Hudson,Defender,Huddersfield Town
2559,Martin Cranie,Defender,Huddersfield Town
19608,Chris Löwe,Defender,Huddersfield Town
19607,Christopher Schindler,Defender,Huddersfield Town
11134,Jon Gorenc Stankovic,Defender,Huddersfield Town
19609,Michael Hefele,Defender,Huddersfield Town
3995,Scott Malone,Defender,Huddersfield Town
7103,Zanka,Defender,Huddersfield Town
19619,Aaron Mooy,Midfielder,Huddersfield Town
2980,Dean Whitehead,Midfielder,Huddersfield Town
3801,Jonathan Hogg,Midfielder,Huddersfield Town
8887,Sean Scannell,Midfielder,Huddersfield Town
8882,Philip Billing,Midfielder,Huddersfield Town
10964,Rajiv van La Parra,Midfielder,Huddersfield Town
9473,Danny Williams,Midfielder,Huddersfield Town
4137,Tom Ince,Midfielder,Huddersfield Town
13283,Kasey Palmer,Midfielder,Huddersfield Town
16747,Laurent Depoitre,Forward,Huddersfield Town
19611,Elias Kachunga,Forward,Huddersfield Town
8892,Harry Bunn,Forward,Huddersfield Town
8888,Joe Lolley,Forward,Huddersfield Town
8889,Nahki Wells,Forward,Huddersfield Town
21677,Collin Quaner,Forward,Huddersfield Town
22570,Steve Mounie,Forward,Huddersfield Town
2508,Kasper Schmeichel,Goalkeeper,Leicester City
3183,Ben Hamer,Goalkeeper,Leicester City
4786,Eldin Jakupovic,Goalkeeper,Leicester City
9566,Harry Maguire,Defender,Leicester City
13491,Ben Chilwell,Defender,Leicester City
8966,Wes Morgan,Defender,Leicester City
2053,Robert Huth,Defender,Leicester City
3157,Danny Simpson,Defender,Leicester City
5371,Christian Fuchs,Defender,Leicester City
13490,Yohan Benalouane,Defender,Leicester City
14698,Elliott Moore,Defender,Leicester City
14712,Layton Ndukwu,Defender,Leicester City
14696,Darnell Johnson,Defender,Leicester City
3670,Daniel Drinkwater,Midfielder,Leicester City
3669,Matty James,Midfielder,Leicester City
8976,Andy King,Midfielder,Leicester City
3564,Marc Albrighton,Midfielder,Leicester City
12306,Daniel Amartey,Midfielder,Leicester City
7946,Demarai Gray,Midfielder,Leicester City
19617,Nampalys Mendy,Midfielder,Leicester City
20479,Wilfred Ndidi,Midfielder,Leicester City
8983,Riyad Mahrez,Midfielder,Leicester City
7234,Vicente Iborra,Midfielder,Leicester City
14716,Harvey Barnes,Midfielder,Leicester City
5208,Ahmed Musa,Forward,Leicester City
8979,Jamie Vardy,Forward,Leicester City
11364,Islam Slimani,Forward,Leicester City
13494,Shinji Okazaki,Forward,Leicester City
8174,Leonardo Ulloa,Forward,Leicester City
5561,Tom Lawrence,Forward,Leicester City
13554,Kelechi Iheanacho,Forward,Leicester City
19600,Loris Karius,Goalkeeper,Liverpool
4179,Simon Mignolet,Goalkeeper,Liverpool
4522,Danny Ward,Goalkeeper,Liverpool
3348,Adam Bogdan,Goalkeeper,Liverpool
19909,Kamil Grabara,Goalkeeper,Liverpool
4604,Nathaniel Clyne,Defender,Liverpool
4796,Mamadou Sakho,Defender,Liverpool
4813,Dejan Lovren,Defender,Liverpool
2100,James Milner,Defender,Liverpool
10651,Joseph Gomez,Defender,Liverpool
15608,Ragnar Klavan,Defender,Liverpool
7219,Alberto Moreno,Defender,Liverpool
5375,Joel Matip,Defender,Liverpool
4129,Jon Flanagan,Defender,Liverpool
10464,Jordan Williams,Defender,Liverpool
14732,Trent Alexander-Arnold,Defender,Liverpool
10458,Andrew Robertson,Defender,Liverpool
7114,Georginio Wijnaldum,Midfielder,Liverpool
4525,Philippe Coutinho,Midfielder,Liverpool
3712,Jordan Henderson,Midfielder,Liverpool
13985,Marko Grujic,Midfielder,Liverpool
6519,Sadio Mané,Midfielder,Liverpool
4618,Adam Lallana,Midfielder,Liverpool
5001,Emre Can,Midfielder,Liverpool
13509,Ryan Kent,Midfielder,Liverpool
5078,Lazar Markovic,Midfielder,Liverpool
14753,Ovie Ejaria,Midfielder,Liverpool
10543,Sheyi Ojo,Midfielder,Liverpool
14758,Ben Woodburn,Midfielder,Liverpool
13961,Harry Wilson,Midfielder,Liverpool
14743,Paulinho,Midfielder,Liverpool
9032,Cameron Brannagan,Midfielder,Liverpool
13984,Allan,Midfielder,Liverpool
13510,Pedro Chirivella,Midfielder,Liverpool
5178,Mohamed Salah,Forward,Liverpool
10443,Dominic Solanke,Forward,Liverpool
13511,Roberto Firmino,Forward,Liverpool
3154,Daniel Sturridge,Forward,Liverpool
10465,Divock Origi,Forward,Liverpool
8245,Danny Ings,Forward,Liverpool
14742,Rhian Brewster,Forward,Liverpool
12707,Ederson,Goalkeeper,Manchester City
5810,Claudio Bravo,Goalkeeper,Manchester City
19911,Arijanet Muric,Goalkeeper,Manchester City
14766,Daniel Grimshaw,Goalkeeper,Manchester City
3653,Vincent Kompany,Defender,Manchester City
5334,Eliaquim Mangala,Defender,Manchester City
4505,John Stones,Defender,Manchester City
11002,Jason Denayer,Defender,Manchester City
6058,Nicolás Otamendi,Defender,Manchester City
13987,Pablo Maffeo,Defender,Manchester City
13549,Tosin Adarabioyo,Defender,Manchester City
3955,Kyle Walker,Defender,Manchester City
5328,Danilo,Defender,Manchester City
5575,Benjamin Mendy,Defender,Manchester City
14776,Joel Latibeaudiere,Defender,Manchester City
14771,Demeaco Duhaney,Defender,Manchester City
14802,Tyreke Wilson,Defender,Manchester City
5067,Bernardo Silva,Midfielder,Manchester City
5344,Fernando,Midfielder,Manchester City
5101,Ilkay Gündogan,Midfielder,Manchester City
3546,Samir Nasri,Midfielder,Manchester City
4288,Kevin De Bruyne,Midfielder,Manchester City
3799,Fabian Delph,Midfielder,Manchester City
5384,Leroy Sané,Midfielder,Manchester City
4145,David Silva,Midfielder,Manchester City
4804,Fernandinho,Midfielder,Manchester City
8710,Patrick Roberts,Midfielder,Manchester City
19620,Oleksandr Zinchenko,Midfielder,Manchester City
4148,Yaya Touré,Midfielder,Manchester City
14800,Brahim Diaz,Midfielder,Manchester City
14801,Jadon Sancho,Midfielder,Manchester City
4316,Raheem Sterling,Forward,Manchester City
4328,Sergio Agüero,Forward,Manchester City
4838,Wilfried Bony,Forward,Manchester City
19680,Gabriel Jesus,Forward,Manchester City
14805,Phil Foden,Forward,Manchester City
13584,Kieran O'Hara,Goalkeeper,Manchester United
4330,David de Gea,Goalkeeper,Manchester United
13555,Sergio Romero,Goalkeeper,Manchester United
13556,Joel Pereira,Goalkeeper,Manchester United
5066,Victor Lindelöf,Defender,Manchester United
12937,Eric Bailly,Defender,Manchester United
3820,Phil Jones,Defender,Manchester United
10472,Marcos Rojo,Defender,Manchester United
3613,Chris Smalling,Defender,Manchester United
4888,Daley Blind,Defender,Manchester United
4608,Luke Shaw,Defender,Manchester United
13561,Timothy Fosu-Mensah,Defender,Manchester United
3285,Antonio Valencia,Defender,Manchester United
14822,Demetri Mitchell,Defender,Manchester United
12854,Matteo Darmian,Defender,Manchester United
13559,Axel Tuanzebe,Defender,Manchester United
4809,Guillermo Varela,Defender,Manchester United
13560,Cameron Borthwick-Jackson,Defender,Manchester United
3920,Paul Pogba,Midfielder,Manchester United
4287,Juan Mata,Midfielder,Manchester United
4337,Jesse Lingard,Midfielder,Manchester United
1634,Michael Carrick,Midfielder,Manchester United
3062,Ashley Young,Midfielder,Manchester United
10475,Ander Herrera,Midfielder,Manchester United
5102,Henrikh Mkhitaryan,Midfielder,Manchester United
3604,Marouane Fellaini,Midfielder,Manchester United
14824,Scott McTominay,Midfielder,Manchester United
14821,Matthew Willock,Midfielder,Manchester United
14830,Angel Gomes,Midfielder,Manchester United
14834,Zachary Dearnley,Midfielder,Manchester United
10476,Andreas Pereira,Midfielder,Manchester United
3861,Nemanja Matic,Midfielder,Manchester United
11272,Anthony Martial,Forward,Manchester United
13565,Marcus Rashford,Forward,Manchester United
4290,Romelu Lukaku,Forward,Manchester United
3169,Tim Krul,Goalkeeper,Newcastle United
2214,Robert Elliot,Goalkeeper,Newcastle United
9251,Karl Darlow,Goalkeeper,Newcastle United
3562,Ciaran Clark,Defender,Newcastle United
4340,Paul Dummett,Defender,Newcastle United
3819,Grant Hanley,Defender,Newcastle United
9257,Jamaal Lascelles,Defender,Newcastle United
20180,Achraf Lazaar,Defender,Newcastle United
5850,Chancel Mbemba,Defender,Newcastle United
4545,Massadio Haidara,Defender,Newcastle United
10522,DeAndre Yedlin,Defender,Newcastle United
11070,Jesús Gámez,Defender,Newcastle United
5144,Stuart Findlay,Defender,Newcastle United
4547,Curtis Good,Defender,Newcastle United
10482,Jamie Sterry,Defender,Newcastle United
4706,Kevin Mbabu,Defender,Newcastle United
16607,Florian Lejeune,Defender,Newcastle United
14626,Josef Yarney,Defender,Newcastle United
10425,Stefan O'Connor,Defender,Newcastle United
4918,Javier Manquillo,Defender,Newcastle United
4859,Christian Atsu,Midfielder,Newcastle United
3713,Jack Colback,Midfielder,Newcastle United
4885,Siem de Jong,Midfielder,Newcastle United
3934,Matt Ritchie,Midfielder,Newcastle United
4135,Jonjo Shelvey,Midfielder,Newcastle United
4713,Isaac Hayden,Midfielder,Newcastle United
3982,Mohamed Diamé,Midfielder,Newcastle United
10483,Rolando Aarons,Midfielder,Newcastle United
6251,Henri Saivet,Midfielder,Newcastle United
13590,Daniel Barlaser,Midfielder,Newcastle United
20879,Yasin Ben El-Mhanni,Midfielder,Newcastle United
9662,Jacob Murphy,Midfielder,Newcastle United
19778,Mikel Merino,Midfielder,Newcastle United
4771,Dwight Gayle,Forward,Newcastle United
10487,Ayoze Pérez,Forward,Newcastle United
10488,Emmanuel Rivière,Forward,Newcastle United
5879,Aleksandar Mitrovic,Forward,Newcastle United
3170,Fraser Forster,Goalkeeper,Southampton
4573,Alex McCarthy,Goalkeeper,Southampton
4600,Paulo Gazzaniga,Goalkeeper,Southampton
1295,Stuart Taylor,Goalkeeper,Southampton
19589,Jan Bednarek,Defender,Southampton
11347,Cédric Soares,Defender,Southampton
4605,Maya Yoshida,Defender,Southampton
5937,Florin Gardos,Defender,Southampton
5140,Virgil van Dijk,Defender,Southampton
2886,Ryan Bertrand,Defender,Southampton
4612,Jack Stephens,Defender,Southampton
12463,Jérémy Pied,Defender,Southampton
4815,Matt Targett,Defender,Southampton
9649,Sam McQueen,Defender,Southampton
12365,Jordy Clasie,Midfielder,Southampton
2423,Steven Davis,Midfielder,Southampton
10498,Dusan Tadic,Midfielder,Southampton
4286,Oriol Romeu,Midfielder,Southampton
4617,James Ward-Prowse,Midfielder,Southampton
12584,Sofiane Boufal,Midfielder,Southampton
3811,Nathan Redmond,Midfielder,Southampton
5272,Pierre-Emile Højbjerg,Midfielder,Southampton
15374,Josh Sims,Midfielder,Southampton
10501,Jake Hesketh,Midfielder,Southampton
3206,Shane Long,Forward,Southampton
9468,Charlie Austin,Forward,Southampton
12639,Manolo Gabbiadini,Forward,Southampton
4634,Jack Butland,Goalkeeper,Stoke City
13777,Jakob Haugaard,Goalkeeper,Stoke City
1870,Lee Grant,Goalkeeper,Stoke City
4821,Erik Pieters,Defender,Stoke City
4822,Marc Muniesa,Defender,Stoke City
2148,Glen Johnson,Defender,Stoke City
3158,Ryan Shawcross,Defender,Stoke City
4636,Geoff Cameron,Defender,Stoke City
4989,Philipp Wollscheid,Defender,Stoke City
15038,Thomas Edwards,Defender,Stoke City
13477,Josh Tymon,Defender,Stoke City
5175,Kurt Zouma,Defender,Stoke City
1943,Darren Fletcher,Midfielder,Stoke City
4413,Joe Allen,Midfielder,Stoke City
2928,Stephen Ireland,Midfielder,Stoke City
4968,Ibrahim Afellay,Midfielder,Stoke City
4081,Charlie Adam,Midfielder,Stoke City
5588,Giannelli Imbula,Midfielder,Stoke City
5267,Xherdan Shaqiri,Midfielder,Stoke City
19673,Ramadan Sobhi,Midfielder,Stoke City
10507,Oliver Shenton,Midfielder,Stoke City
4205,Saido Berahino,Forward,Stoke City
6425,Joselu,Forward,Stoke City
3925,Mame Biram Diouf,Forward,Stoke City
1629,Peter Crouch,Forward,Stoke City
4898,Bojan,Forward,Stoke City
15052,Julien Ngoy,Forward,Stoke City
15044,Thibaud Verlinden,Forward,Stoke City
12356,Erwin Mulder,Goalkeeper,Swansea City
3309,Lukasz Fabianski,Goalkeeper,Swansea City
13795,Kristoffer Nordfeldt,Goalkeeper,Swansea City
19655,Mark Birighitti,Goalkeeper,Swansea City
4877,Mike van der Hoorn,Defender,Swansea City
9960,Alfie Mawson,Defender,Swansea City
2867,Martin Olsson,Defender,Swansea City
4405,Angel Rangel,Defender,Swansea City
3956,Kyle Naughton,Defender,Swansea City
3312,Kyle Bartley,Defender,Swansea City
5672,Federico Fernández,Defender,Swansea City
10517,Stephen Kingsley,Defender,Swansea City
4656,Ki Sung-yueng,Midfielder,Swansea City
2152,Leon Britton,Midfielder,Swansea City
4810,Leroy Fer,Midfielder,Swansea City
2341,Nathan Dyer,Midfielder,Swansea City
2681,Wayne Routledge,Midfielder,Swansea City
10518,Jefferson Montero,Midfielder,Swansea City
8650,Matt Grimes,Midfielder,Swansea City
4421,Gylfi Sigurdsson,Midfielder,Swansea City
7122,Luciano Narsingh,Midfielder,Swansea City
4430,Tom Carroll,Midfielder,Swansea City
7482,Jay Fulton,Midfielder,Swansea City
22575,Roque Mesa,Midfielder,Swansea City
5595,Jordan Ayew,Forward,Swansea City
5551,Fernando Llorente,Forward,Swansea City
8107,Oliver McBurnie,Forward,Swansea City
13286,Tammy Abraham,Forward,Swansea City
4664,Hugo Lloris,Goalkeeper,Tottenham Hotspur
4398,Michel Vorm,Goalkeeper,Tottenham Hotspur
15111,Alfie Whiteman,Goalkeeper,Tottenham Hotspur
15114,Brandon Austin,Goalkeeper,Tottenham Hotspur
3507,Danny Rose,Defender,Tottenham Hotspur
4916,Toby Alderweireld,Defender,Tottenham Hotspur
4666,Jan Vertonghen,Defender,Tottenham Hotspur
3905,Kieran Trippier,Defender,Tottenham Hotspur
13813,Kevin Wimmer,Defender,Tottenham Hotspur
4408,Ben Davies,Defender,Tottenham Hotspur
13815,Kyle Walker-Peters,Defender,Tottenham Hotspur
13814,Cameron Carter-Vickers,Defender,Tottenham Hotspur
15117,Jaden Brown,Defender,Tottenham Hotspur
15122,Jonathan Dinzeyi,Defender,Tottenham Hotspur
4999,Son Heung-Min,Midfielder,Tottenham Hotspur
4842,Erik Lamela,Midfielder,Tottenham Hotspur
4816,Victor Wanyama,Midfielder,Tottenham Hotspur
15938,Georges-Kévin Nkoudou,Midfielder,Tottenham Hotspur
4112,Eric Dier,Midfielder,Tottenham Hotspur
4549,Moussa Sissoko,Midfielder,Tottenham Hotspur
4123,Mousa Dembélé,Midfielder,Tottenham Hotspur
9167,Dele Alli,Midfielder,Tottenham Hotspur
4845,Christian Eriksen,Midfielder,Tottenham Hotspur
7488,Harry Winks,Midfielder,Tottenham Hotspur
15128,Luke Amos,Midfielder,Tottenham Hotspur
16549,Will Miller,Midfielder,Tottenham Hotspur
15139,Marcus Edwards,Midfielder,Tottenham Hotspur
15146,Anthony Georgiou,Midfielder,Tottenham Hotspur
15140,Tashan Oakley-Boothe,Midfielder,Tottenham Hotspur
15137,Kazaiah Sterling,Forward,Tottenham Hotspur
15481,Vincent Janssen,Forward,Tottenham Hotspur
3960,Harry Kane,Forward,Tottenham Hotspur
15142,Samuel Shashoua,Forward,Tottenham Hotspur
9762,Daniel Bachmann,Goalkeeper,Watford
3719,Heurelho Gomes,Goalkeeper,Watford
4319,Costel Pantilimon,Goalkeeper,Watford
7175,Giedrius Arlauskis,Goalkeeper,Watford
22545,Jorge Segura,Defender,Watford
5668,Miguel Britos,Defender,Watford
3508,Younes Kaboul,Defender,Watford
13822,Sebastian Prödl,Defender,Watford
3251,Adrian Mariappa,Defender,Watford
3160,Craig Cathcart,Defender,Watford
22546,Kiko Femenía,Defender,Watford
10480,Daryl Janmaat,Defender,Watford
5713,José Holebas,Defender,Watford
5577,Brice Dja Djédjé,Defender,Watford
19605,Christian Kabasele,Defender,Watford
19677,Brandon Mason,Defender,Watford
3448,Tom Cleverley,Midfielder,Watford
8589,Will Hughes,Midfielder,Watford
5490,Nordin Amrabat,Midfielder,Watford
13823,Abdoulaye Doucouré,Midfielder,Watford
2686,Ben Watson,Midfielder,Watford
4843,Etienne Capoue,Midfielder,Watford
11213,Roberto Pereyra,Midfielder,Watford
4105,Nathaniel Chalobah,Midfielder,Watford
13825,Adalberto Peñaranda,Forward,Watford
9947,Troy Deeney,Forward,Watford
19618,Isaac Success,Forward,Watford
4529,Jerome Sinclair,Forward,Watford
3338,Mauro Zárate,Forward,Watford
3889,Stefano Okaka,Forward,Watford
2932,Ben Foster,Goalkeeper,West Bromwich Albion
2011,Boaz Myhill,Goalkeeper,West Bromwich Albion
10525,Alex Palmer,Goalkeeper,West Bromwich Albion
13821,Nyom,Defender,West Bromwich Albion
3156,Jonny Evans,Defender,West Bromwich Albion
4437,Gareth McAuley,Defender,West Bromwich Albion
4198,Craig Dawson,Defender,West Bromwich Albion
15168,Kane Wilson,Defender,West Bromwich Albion
6609,Ahmed Hegazi,Defender,West Bromwich Albion
15154,Dara O'Shea,Defender,West Bromwich Albion
15160,Max Melbourne,Defender,West Bromwich Albion
4673,Claudio Yacob,Midfielder,West Bromwich Albion
2529,James Morrison,Midfielder,West Bromwich Albion
3244,Jake Livermore,Midfielder,West Bromwich Albion
4074,Matt Phillips,Midfielder,West Bromwich Albion
3744,Chris Brunt,Midfielder,West Bromwich Albion
4395,James McClean,Midfielder,West Bromwich Albion
3779,Callum McManaman,Midfielder,West Bromwich Albion
4844,Nacer Chadli,Midfielder,West Bromwich Albion
20101,Rekeem Harper,Midfielder,West Bromwich Albion
13866,Jonathan Leko,Midfielder,West Bromwich Albion
13867,Sam Field,Midfielder,West Bromwich Albion
10532,Tyler Roberts,Midfielder,West Bromwich Albion
3851,Jay Rodriguez,Forward,West Bromwich Albion
3484,Hal Robson-Kanu,Forward,West Bromwich Albion
6030,Salomón Rondón,Forward,West Bromwich Albion
4852,Adrián,Goalkeeper,West Ham United
3143,Joe Hart,Goalkeeper,West Ham United
3654,Pablo Zabaleta,Defender,West Ham United
4209,Winston Reid,Defender,West Ham United
8897,Aaron Cresswell,Defender,West Ham United
3010,James Collins,Defender,West Ham United
5514,Angelo Ogbonna,Defender,West Ham United
8945,Sam Byram,Defender,West Ham United
4606,José Fonte,Defender,West Ham United
10534,Doneil Henry,Defender,West Ham United
11284,Arthur Masuaku,Defender,West Ham United
7564,Sofiane Feghouli,Midfielder,West Ham United
5861,Cheikhou Kouyaté,Midfielder,West Ham United
13872,Manuel Lanzini,Midfielder,West Ham United
4558,Robert Snodgrass,Midfielder,West Ham United
13871,Pedro Obiang,Midfielder,West Ham United
3014,Mark Noble,Midfielder,West Ham United
9595,Michail Antonio,Midfielder,West Ham United
15759,Edimilson Fernandes,Midfielder,West Ham United
19678,Domingos Quina,Midfielder,West Ham United
14637,Nathan Holland,Midfielder,West Ham United
15202,Declan Rice,Midfielder,West Ham United
13873,Marcus Browne,Midfielder,West Ham United
15418,Moses Makasi,Midfielder,West Ham United
15199,Grady Diangana,Midfielder,West Ham United
15194,Daniel Kemp,Midfielder,West Ham United
3175,Andy Carroll,Forward,West Ham United
10540,Diafra Sakho,Forward,West Ham United
5594,André Ayew,Forward,West Ham United
4823,Marko Arnautovic,Forward,West Ham United
4161,Chicharito,Forward,West Ham United
19681,Antonio Martínez,Forward,West Ham United
